Created,Modified,Archived,Tags,Format,Characters,First line,Full note text,UUID
2026-07-25 10:53,2026-07-25 10:53,,,,141,absorption (med.),"absorption (med.)

The movement and uptake of substances into cells, and across tissues such as skin or intestines, by osmosis and diffusion.",8958880d-8e8d-4b4f-96e8-21ea8d70eb22
2026-07-25 10:53,2026-07-25 10:53,,,,189,Acid,"Acid

A substance which contains hydrogen that can be replaced by a metal, liberates carbon dioxide from carbonates, and in solutions turns litmus red; a substance which can donate protons.",6b1254b1-21c8-460b-9a8b-823394ec62f0
2026-07-25 10:53,2026-07-25 10:53,,,,100,Addition (IGCSE),"Addition (IGCSE)

A reaction in which two or more atoms are joined to a compound without elimination",92ce0cac-eed1-4db6-b334-f764f4daf177
2026-07-25 10:53,2026-07-25 10:53,,,,184,Alkali,"Alkali

A substance which will neutralize an acid to form a salt and water only; a substance which dissolved in water to produce hydroxide ions (OH-); a soluble base; a proton acceptor",e766bb08-e003-48a1-a87f-73d816b1c662
2026-07-25 10:53,2026-07-25 10:53,,,,111,Alkali metals,"Alkali metals

The elements of group 1 in the Periodic Table (litium, sodium, potassium, rubidium, and caesium)",81262636-7164-463e-931b-3bb0b5c02f50
2026-07-25 10:53,2026-07-25 10:53,,,,132,Alkaline earth metals,"Alkaline earth metals

The elements of group 2 in the Periodic Table (beryllium, magnesium, calcium, strontium, barium, and radium).",4244deef-f341-4c38-bf27-16b88089f0d8
2026-07-25 10:53,2026-07-25 10:53,,,,53,Alloy,"Alloy

A mixture or combination of two or more metals",bee0eb77-c5e7-4759-bb31-c3073e8d974b
2026-07-25 10:53,2026-07-25 10:53,,,,240,Allotropy,"Allotropy

The existence of an element in more than one form in the same state. The different forms are called allotropes and differ in their structure, for example, diamond, graphite and buckminster-fullerenes are all allotropes of carbon.",7058dfa8-0809-4ee6-90e7-d6ebc3cc7683
2026-07-25 10:53,2026-07-25 10:53,,,,71,Amphoteric,"Amphoteric

A substance capable of acting both as an acid and as a base",70d5325e-e484-4681-b866-29dc1f581518
2026-07-25 10:53,2026-07-25 10:53,,,,147,Analysis,"Analysis

The determination of the composition and/or structure of a substance or mixture, often by controlled decompostion or instrumental methods",078a22d4-c76e-403b-831e-b9dbe118c729
2026-07-25 10:53,2026-07-25 10:53,,,,68,Anhydrous,"Anhydrous

Without water; for example, anhydrous copper(II) sulphate",6dd0a92f-8c1d-4f9e-9479-0153f102111e
2026-07-25 10:53,2026-07-25 10:53,,,,84,Anion,"Anion

A negatively charged ion which is attracted towards the anode in electrolysis",42703dbe-6753-4de6-8102-caf852fbbf07
2026-07-25 10:53,2026-07-25 10:53,,,,29,Anode,"Anode

The positive electrode",aa33621c-ef2d-4e8d-8aa1-d9ebed37a716
2026-07-25 10:53,2026-07-25 10:53,,,,80,Atom,"Atom

The smallest part of an element which can take part in a chemical reaction",fd4b808d-2c51-4c1a-97cf-6973b067c540
2026-07-25 10:53,2026-07-25 10:53,,,,59,Atomic Weight,"Atomic Weight

Obsolete, but see relative atomic mass below",f1ff28b5-a0b5-48cb-9c1a-96037997470c
2026-07-25 10:53,2026-07-25 10:53,,,,95,Atomicity,"Atomicity

The number of atoms in a molecule; for example, the atomicity of hydrogen, H2, is 2.",cc4c546c-6c45-4dd6-afc5-f4dfced1e3c9
2026-07-25 10:53,2026-07-25 10:53,,,,95,Avogadro Constant (IGCSE),"Avogadro Constant (IGCSE)

Is approximately 6 x 1023 mol-1, the number of atoms per mole of 12C",66942057-f54a-46e4-a190-e75d8041549c
2026-07-25 10:53,2026-07-25 10:53,,,,116,Base,"Base

A substance which reacts with an acid to form a salt and water only; a proton acceptor, for example, OH-, NH3.",f14ab43e-616b-49a5-8032-7deb6510e4d0
2026-07-25 10:53,2026-07-25 10:53,,,,78,Beta-particle,"Beta-particle

An electron given off by the nucleus of a radioactive substance",65cbb935-b042-4901-b71b-e7d077f043e6
2026-07-25 10:53,2026-07-25 10:53,,,,70,Boiling,"Boiling

The change of state from liquid to vapor at the boiling point",a8917cba-9d8a-45d7-a162-3b01a937b476
2026-07-25 10:53,2026-07-25 10:53,,,,163,Boiling Temperature (point),"Boiling Temperature (point)

The temperature at which the vapor pressure of the liquid is equal to the external pressure - usually quoted for atmospheric pressure.",e7f3c866-d0b5-48b0-9093-0b0302e034c9
2026-07-25 10:53,2026-07-25 10:53,,,,127,Catalyst (IGCSE),"Catalyst (IGCSE)

A substance which changes the rate of a reaction, but is itself unchanged in mass at the end of the reaction.",617042a3-25db-4063-91f1-efee2afe5a07
2026-07-25 10:53,2026-07-25 10:53,,,,31,Cathode,"Cathode

The negative electrode",c76087dc-a5ca-45be-b777-5bd39937d110
2026-07-25 10:53,2026-07-25 10:53,,,,313,Chromatography,"Chromatography

A method of separating substances; as they move through a stationary phase, the components of the mixture are differentially adsorbed and so move at different rates, producing a chromatogram. Especially useful for separating and identifying the products of hydrolysis of carbohydrates and proteins",3587f3d8-a4f5-4f92-90cf-d21c7d56fdc6
2026-07-25 10:53,2026-07-25 10:53,,,,35,Combustion,"Combustion

Burning, usually in air",1d6ac3b4-f41f-4a5c-855d-ae32e6a3cf91
2026-07-25 10:53,2026-07-25 10:53,,,,113,Compound,"Compound

A compound is formed when two or more elements are chemically combined in definite proportions by mass.",340ff4c7-effd-4489-9207-73ec9c688704
2026-07-25 10:53,2026-07-25 10:53,,,,120,Condensation,"Condensation

The change of state from vapor to liquid; often deliberately induced by cooling, as in a Liebig condenser.",b823ae1c-fb86-4dbe-b066-f858c1cff433
2026-07-25 10:53,2026-07-25 10:53,,,,256,Cracking (IGCSE),"Cracking (IGCSE)

The decomposition of a chemical substance by heat; this usually refers to mineral oils of high boiling temperature being broken down into more volatile components of lower molar mass; unsaturated hydrocarbons are produced in this process.",755d7f19-b0cc-4735-bce6-1324fa17f912
2026-07-25 10:53,2026-07-25 10:53,,,,107,Crystal,"Crystal

A solid whose atoms are arranged in a definite pattern, giving rise to an external geometric form.",480934f5-108b-4b75-9bfb-a7c27d14ffbf
2026-07-25 10:53,2026-07-25 10:53,,,,121,Crystallisation,"Crystallisation

The process whereby crystals are obtained, either from solution or the molten state, usually by cooling.",29dbec46-2ce3-458f-a670-2291c3ef4d75
2026-07-25 10:53,2026-07-25 10:53,,,,128,Diffusion,"Diffusion

The process whereby particles move freely through both gases and solutions to produce a uniform or homogeneous system",9e833f62-141e-46ae-b398-8e45868a7feb
2026-07-25 10:53,2026-07-25 10:53,,,,231,Distillation,"Distillation

The process which occurs when a liquid is converted to a vapor by heating, and then the vapor is recondensed to a liquid; it is used for the separation or purification of liquids. The product is called the distillate.",30ba4f34-d2aa-46fa-8db0-b72c6c5b8fbf
2026-07-25 10:53,2026-07-25 10:53,,,,104,Electrode,"Electrode

A conductor by which an electric current enters or leaves an electrolyte during electrolysis.",f46aa957-3576-4753-b6fb-7d5f445510af
2026-07-25 10:53,2026-07-25 10:53,,,,136,Electrolysis,"Electrolysis

This occurs when a substance, either in solution or the molten state, is decomposed by the passage of an electric current.",9f2acdb2-a329-4630-81c2-8ae9b1b27b49
2026-07-25 10:53,2026-07-25 10:53,,,,166,Electrolyte,"Electrolyte

The substance which undergoes electrolysis, either in solution or the molten state, for example, copper(II) sulphate solution, or molten lead(II) bromide",3d38710b-59bd-4030-b929-013b9df370be
2026-07-25 10:53,2026-07-25 10:53,,,,150,Electron,"Electron

A sub-atomic elementary particle, having unit negative charge and a mass approximately 1/1840 of a proton; it also exhibits wave properties.",98d8413f-d01d-45ac-99c8-9d2e904ede33
2026-07-25 10:53,2026-07-25 10:53,,,,62,Endothermic,"Endothermic

A process during which thermal energy is absorbed",a3da1590-d0eb-4af0-9737-531e1c71ffb9
2026-07-25 10:53,2026-07-25 10:53,,,,134,Equilibrium (IGCSE),"Equilibrium (IGCSE)

A reaction in which both reactants and products are present and are being dynamically converted into one another.",615884a2-f13b-4843-bc89-800865c1fc6c
2026-07-25 10:53,2026-07-25 10:53,,,,120,Evaporation,"Evaporation

The change of state from liquid to vapor below the boiling point; it occurs from the surface of the liquid.",6d1dce40-171e-475c-aad3-fec43b083bd5
2026-07-25 10:53,2026-07-25 10:53,,,,67,Exothermic,"Exothermic

This describes a process which gives out thermal energy",ad55a18f-a0e8-44a2-8c43-1c728adbeebd
2026-07-25 10:53,2026-07-25 10:53,,,,153,Fermentation,"Fermentation

The process whereby complex carbon compounds (mostly carbohydrates) are converted to simpler products by enzymes present in micro-organisms",172070a5-08b6-4d4b-9954-89d337ea2e2b
2026-07-25 10:53,2026-07-25 10:53,,,,241,Filtration,"Filtration

The process of separating solids from liquids by passing them through a porous material (in the laboratory usually filter paper); the liquid which passes through is called the filtrate; the solid left behind is called the residue",62589efe-bb32-43aa-8577-503360129ff1
2026-07-25 10:53,2026-07-25 10:53,,,,171,Fractional distillation (IGCSE),"Fractional distillation (IGCSE)

The separation of several liquids which have different boiling points, by collecting the distillates (fractions) at different temperatures",9c7b6859-280c-4918-a1ac-2df2cb7bcdb0
2026-07-25 10:53,2026-07-25 10:53,,,,72,Freezing,"Freezing

Change of state from liquid to solid at a constant temperature",fb7bd6a5-67e7-4c68-a16a-e7c3c90b1384
2026-07-25 10:53,2026-07-25 10:53,,,,181,Homologous series (IGCSE),"Homologous series (IGCSE)

A set of organic compounds with similar chemical properties and a regular gradation of physical properties and for which a general formula can be written.",82e55988-82c4-4b38-807b-5b95d1ab6bea
2026-07-25 10:53,2026-07-25 10:53,,,,51,Hydrocarbon,"Hydrocarbon

A compound of carbon and hydrogen only",92da6335-8e98-4425-bcaf-8a02f402f612
2026-07-25 10:53,2026-07-25 10:53,,,,139,Ion,"Ion

An electrically charged particle formed from an atom or group of atoms by loss or gain of electrons, for example Na+, Pb2+, Cl-, SO42-",6a1b0df1-a04c-4b54-9f53-4f2d9bcea0f3
2026-07-25 10:53,2026-07-25 10:53,,,,108,Indicator,"Indicator

A substance which exhibits different colors in acidic or alkaline conditions, for example litmus.",d34e6015-4b73-4b2b-94b6-044149be52e6
2026-07-25 10:53,2026-07-25 10:53,,,,105,Isomer,"Isomer

One of two or more substances with the same molecular formulae but different structural formulae.",f724c118-3658-412b-8ef2-0674eb9be50a
2026-07-25 10:53,2026-07-25 10:53,,,,15,Isotope (IGCSE),Isotope (IGCSE),e6846133-97e1-4627-aa8d-426d580891d4
2026-07-25 10:53,2026-07-25 10:53,,,,49,Melting,"Melting

The change of state from solid to liquid",6384f9f2-c840-49f2-a72a-d828a8ec3e71
2026-07-25 10:53,2026-07-25 10:53,,,,135,Melting temperature (point),"Melting temperature (point)

The temperature at which the solid and liquid phase of a substance are in equilibrium at a given pressure.",d1428975-f871-4ffe-bd30-0634ed797895
2026-07-25 10:53,2026-07-25 10:53,,,,128,Mineral,"Mineral

A naturally occurring inorganic substance with a characteristic chemical compostion and usually a definite crystal form",e76ffdea-f55d-4243-bc25-6a5702ff1cfa
2026-07-25 10:53,2026-07-25 10:53,,,,186,Mole (IGCSE),"Mole (IGCSE)

The unit of amount of substance. One mole is that amount of substance which contains as many specified elementary particles as there are atoms in 0.012kg of the isotope 12C",561e1f79-c1ad-4e68-8716-0a7bde66c3c7
2026-07-25 10:53,2026-07-25 10:53,,,,158,Molecule,"Molecule

The smallest part of a substance which can exist independently and still retain the properties of that substance. For example, Cl2, HCl, H2O, C2H5OH",b12e4eed-4f9d-483b-979b-e93bbb883ad0
2026-07-25 10:53,2026-07-25 10:53,,,,124,Neutralisation,"Neutralisation

The addition of an acid to an alkali, or vice versa, until neither is in excess and the solution is neutral.",7b649747-567f-4873-81e5-c63fb3597e76
2026-07-25 10:53,2026-07-25 10:53,,,,89,Neutron,"Neutron

A sub-atomic elementary particle, having the same mass as a proton but no charge",47d4d826-3a86-4d21-8fa0-8d618ecfe299
2026-07-25 10:53,2026-07-25 10:53,,,,137,Ore,"Ore

A solid, naturally-occurring mineral from which metals or other valuable constituents can be obtained, usually by chemical treatment",2f6c6f6e-c141-4fad-9217-bf7118255545
2026-07-25 10:53,2026-07-25 10:53,,,,168,Oxidation,"Oxidation

The addition of oxygen or the removal of hydrogen. An increase in the oxidation state of an element is oxidation. Oxidation is loss of one or more electrons.",5249a21c-b051-43ae-ab12-f6465f9399d3
2026-07-25 10:53,2026-07-25 10:53,,,,248,pH scale,"pH scale

A measure of the hydrogen ion concentration in water, hence of the acidity or alkalinity of a solution. A neutral solution has a pH value of 7; acidic solutions have pH values less than 7; alkaline solutions have pH values greater than 7.",acc448c2-8d20-4f59-82ec-148537f0948b
2026-07-25 10:53,2026-07-25 10:53,,,,175,Polymerisation,"Polymerisation

The process in which two or more molecules of the same compound combine to form larger molecules which have the same empirical formula but a higher molar mass.",ceabedd2-8533-4ec7-b5ad-d36cb39d5db5
2026-07-25 10:53,2026-07-25 10:53,,,,93,Precipitate,"Precipitate

An insoluble substance which separates from solution during a chemical reaction.",7bbfe4e1-2dc3-4ed6-ac89-656df20584e7
2026-07-25 10:53,2026-07-25 10:53,,,,178,Proton (IGCSE),"Proton (IGCSE)

A sub-atomic elementary particle, with unit positive charge and unit mass, expressed in relative atomic mass units.(The actual unit is approximately 166 x 10-24)",a1e9f7c1-9a8b-472d-99df-8754543645ed
2026-07-25 10:53,2026-07-25 10:53,,,,65,Proton number,"Proton number

The number of protons in the nucleus of an element",1728372e-be08-4e1d-86d1-3081bc1c7cce
2026-07-25 10:53,2026-07-25 10:53,,,,171,Reduction,"Reduction

The removal of oxygen or the addition of hydrogen. A decrease in the oxidation state of an element is reduction. Reduction is the gain of one or more electrons.",bb8ddf92-5de7-4cf3-885d-5c2e99ec6c5b
2026-07-25 10:53,2026-07-25 10:53,,,,70,Redox reaction,"Redox reaction

A reaction where reduction and oxidation are occurring",911ebf50-76b3-4e68-9ab3-d5c60f24820f
2026-07-25 10:53,2026-07-25 10:53,,,,50,Refine,"Refine

To purify; especially applied to crude oil",6c341447-0494-4b83-905d-eaa42abe68d6
2026-07-25 10:53,2026-07-25 10:53,,,,127,Relative atomic mass (IGCSE),"Relative atomic mass (IGCSE)

The ratio of the average mass per atom of an element relative to 1/12 the mass of an atom of 12C.",cd81c15c-d63a-492e-92ac-7c022bd621a6
2026-07-25 10:53,2026-07-25 10:53,,,,100,Relative molecular mass (IGCSE),"Relative molecular mass (IGCSE)

The sum of the relative atomic masses of the elements in a compound",eec69e0c-dea1-4436-ac13-f37c73bbdcc4
2026-07-25 10:53,2026-07-25 10:53,,,,200,Reversible reaction (IGCSE),"Reversible reaction (IGCSE)

A reaction which can be made to proceed either forwards or backwards under suitable conditions; a reaction in which both products and reactants are present at equilibrium.",a33e0890-95fb-4a7d-a9ad-7984713dab4a
2026-07-25 10:53,2026-07-25 10:53,,,,252,Salt,"Salt

The product obtained when part or all of the hydrogen of an acid is replaced by a metal (or the ammonium group). An ionic solid formed from positive ions, other than H+ ions, and negative ions, other than OH- and O2- ions; for example NaCl, CuSO4",8c7ed877-42e0-46ca-8738-82a0d38cdb06
2026-07-25 10:53,2026-07-25 10:53,,,,82,Saturated compound,"Saturated compound

An organic compound containing no carbon-carbon multiple bonds",65d7e55f-b6ce-4a6a-b503-361786f346ba
2026-07-25 10:53,2026-07-25 10:53,,,,91,Saturated solution (IGCSE),"Saturated solution (IGCSE)

A solution which remains in equilibrium with undissolved solute",9be2e0a4-ec37-49ec-b147-5e3b6946f054
2026-07-25 10:53,2026-07-25 10:53,,,,115,Smelting,"Smelting

The extraction of a metal from its ore, using heat, normally by reduction with carbon or carbon monoxide.",5007cf3c-273e-4a89-aeec-3aa702367278
2026-07-25 10:53,2026-07-25 10:53,,,,79,Solute,"Solute

A solute is a substance which dissolves in a solvent to form a solution",58b6e4f6-6ad9-4bd5-a78c-aa22bc165ac4
2026-07-25 10:53,2026-07-25 10:53,,,,210,State symbols,"State symbols

These are included in the equation for a reaction to indicate the physical state of the substances. They are as follows: (g), gaseous; (l), liquid; (s), solid; (aq), aqueous - dissolved in water.",c65b7817-8b0e-4d10-83c4-19bb1f3fd3e1
2026-07-25 10:53,2026-07-25 10:53,,,,101,Sublimation,"Sublimation

The change from solid to gas and back to solid without passing through the liquid state.",3a48276e-d231-45e4-80eb-26da8d6c4b6e
2026-07-25 10:53,2026-07-25 10:53,,,,223,Synthesis,"Synthesis

'Putting together'. The formation of a substance from simpler substances. The adjective synthetic is often applied to substances which are artificially produced and not obtained from naturally occurring material.",ec44ac8c-fe46-4ec3-9737-656a7bb74dd5
2026-07-25 10:53,2026-07-25 10:53,,,,84,Unsaturated,"Unsaturated

An organic compound containing one or more carbon-carbon multiple bonds",f46e5952-1945-4136-beb3-6d9474c6d329
2026-07-25 10:53,2026-07-25 10:53,,,,97,activation energy,"activation energy

The minimum energy required for a collision to be able to result in a reaction",7b148bb2-d076-48c9-911e-ae36729c8eba
2026-07-25 10:53,2026-07-25 10:53,,,,92,addition,"addition

a reaction in which two or more atoms are joined to a compound without elimination",cd9ea308-c5ab-4d66-b6e9-90a7d4326cb2
2026-07-25 10:53,2026-07-25 10:53,,,,216,addition polymerisation,"addition polymerisation

the process by whcih two or more molecules of a monomer combine by an addition reaction to form larger molecules of a new compound which has the same empirical formula but a larger molar mass",531ab2ea-fe24-4ea8-b001-ae30dee20c76
2026-07-25 10:53,2026-07-25 10:53,,,,94,addition reaction,"addition reaction

a reaction in which one molecule adds onto another to give a single product",5ceb05c9-43f3-4b33-81c7-dc352c02418b
2026-07-25 10:53,2026-07-25 10:53,,,,312,adrenaline,"adrenaline

A hormone produced by the adrenal gland in mammals, in response to low blood glucose level, exercise and stress. Adrenaline causes a breakdown of the carbohydrate food store glycogen to glucose and increases its uptake by cells. It also causes vasodilation of small arteries and increases heart rate.",7529b06c-1fac-4db1-bfe9-f473b095da32
2026-07-25 10:53,2026-07-25 10:53,,,,256,alveoli,"alveoli

The balloon like cavity at the end of the bronchioles (the tiny tubes in the lungs). Each alveolus is surrounded by blood vessels to absorb the oxygen from the air and return carbon dioxide to the air. Each lung contains about 300 million alveoli.",f5e6a847-ff46-4bfc-a62b-39172c156c58
2026-07-25 10:53,2026-07-25 10:53,,,,78,anaesthetic,"anaesthetic

A drug or agent that causes loss of feeling or sensation of pain.",78337134-9db4-4b92-8849-96e9bfb4a9d0
2026-07-25 10:53,2026-07-25 10:53,,,,242,antagonist,"antagonist

A term used to describe a drug that has an affinity for a specific cell receptors; agonists stimulate a response in the same way as the substance produced by the body which normally fits that receptor site, so increasing response.",40421634-3c5d-47a0-aa39-7fbba2d0bbd2
2026-07-25 10:53,2026-07-25 10:53,,,,143,antibiotic,"antibiotic

A substance which inhibits the growth or destroys bacteria. Louis Pasteur and Paul Erlich were pioneering scientists in this field.",d2a72827-f5ff-44ba-a121-541973877e48
2026-07-25 10:53,2026-07-25 10:53,,,,155,antibody,"antibody

A protein molecule which helps to defend the body against disease. Antibodies are produced mostly by white blood cells in response to an antigen.",4287ace2-f53f-42f2-8b41-47b68dcde5d1
2026-07-25 10:53,2026-07-25 10:53,,,,134,antifungal,"antifungal

A term used to describe a drug which destroys or suppresses the growth of fungi, often to used to treat fungal infections.",e4488e35-3a21-4bec-9787-dbe1f2cf3a02
2026-07-25 10:53,2026-07-25 10:53,,,,251,antigen,"antigen

A process which gives immune resistance to a particular disease. It involves exposing the human or animal to the antigen in order to raise antibodies and provide an immune memory in that organism. The antigen is made harmless before exposure.",b434b557-a803-46fa-97bb-89f8b73696d6
2026-07-25 10:53,2026-07-25 10:53,,,,159,antigen,"antigen

A substance which is foreign to the body which initiates an immune response. Most antigens are proteins, found on the surfaces of bacteria or viruses.",5a890bf6-b674-4875-9382-0c0a6644a4be
2026-07-25 10:53,2026-07-25 10:53,,,,116,antiseptic,"antiseptic

A substance that inhibits the growth and development of microorganisms without necessarily killing them.",7529c474-5898-4fa6-836e-84328635d50f
2026-07-25 10:53,2026-07-25 10:53,,,,210,antiviral,"antiviral

A drug which helps cells to defend themselves against viruses, by reducing DNA synthesis or by making cells more resistant to virus particle, or by surpressing their replication within the host cell.",2779219f-7fda-4e8f-906b-9a39b760577d
2026-07-25 10:53,2026-07-25 10:53,,,,291,arteries,"arteries

Blood vessels that carry blood from the heart to the muscles and organs of the body. The blood is pressurised so they have thisck walls. The blood in the arteris is oxygenated and red (except for the pulmonary artery that takes blood from the heart to the lungs to pick up oxygen).",e1ecd6b0-a58a-4ea7-896c-d27148bf1724
2026-07-25 10:53,2026-07-25 10:53,,,,129,Aufbau Principle,"Aufbau Principle

The construction of the The Periodic Table from electronic configuration, building up by one electron at a time",ae49c975-840f-4238-919d-e5452cf4d9f7
2026-07-25 10:53,2026-07-25 10:53,,,,89,Avogadro Constant,"Avogadro Constant

is approximately 6 x 1023 mol-1, the number of atoms per mole of 126C.",69c63e90-e285-43bc-bf67-e9257ea05b12
2026-07-25 10:53,2026-07-25 10:53,,,,143,bacteria  (pl.) bacterium (sing),"bacteria  (pl.) bacterium (sing)

A simple microscopic microorganisms; there are few no organelles and only small loops of DNA called plasmids.",4e2203b9-2253-4438-a74b-8ce35f4df430
2026-07-25 10:53,2026-07-25 10:53,,,,96,binding site,"binding site

These are the reactive parts of large molecules; the site where molecules combine.",67435dbe-3821-4924-ac8a-1ab3a29c732d
2026-07-25 10:53,2026-07-25 10:53,,,,155,blood transfusion,"blood transfusion

An operation in which a patient's lost blood is replaced by blood from other people (donors). The bloods have to be from the same group.",197c28de-dd71-47b6-84fa-795dd8d3de91
2026-07-25 10:53,2026-07-25 10:53,,,,71,bond length,"bond length

the distance between a pair of atoms or ions in a compound",51e9bc1d-7a93-4666-81c3-d96b96bebc5b
2026-07-25 10:53,2026-07-25 10:53,,,,106,bond polarity,"bond polarity

the ionic character of a bond resulting from the electronegativity difference between atoms",488a2f73-e239-4992-8679-49589c499d5e
2026-07-25 10:53,2026-07-25 10:53,,,,134,bronchodilator,"bronchodilator

A chemical which has the effect of opening up (dilating) the bronchii (airways) by causing the smooth muscle to relax.",429d3ada-020a-4433-8107-8538748855f2
2026-07-25 10:53,2026-07-25 10:53,,,,104,Brønsted-Lowry acid,"Brønsted-Lowry acid

a proton donor in the presence of a solvent (Brønsted-Lowry base - proton acceptor)",83aaff85-c7d2-4b33-88e4-3a46f1c0aae6
2026-07-25 10:53,2026-07-25 10:53,,,,219,buffer solution,"buffer solution

a solution of a weak acid and the salt of a weak acid (or a weak base and the salt of a weak base) whose pH only changes slightly on the addition of acid or base or on dilution at a constant temperature",da9665d7-5e9e-467c-a08b-df55f3ff6b46
2026-07-25 10:53,2026-07-25 10:53,,,,271,catalyst,"catalyst

A substance which when added to a reaction lowers the activation energy by providing an alternative reaction mechanism, and can be recovered unchanged in mass at the end of the reaction.  The catalyst concentration does not appear in the equilibrium expression.",871a56d1-9b06-44ee-a2fe-2c5966ad6a39
2026-07-25 10:53,2026-07-25 10:53,,,,26,cocaine,"cocaine

local anaesthetic",c23b1b4d-5d9c-4eaf-b57e-6ee31e2a8703
2026-07-25 10:53,2026-07-25 10:53,,,,61,complex ion,"complex ion

a metal cation surrounded by a number of ligands",01a3abc0-d068-4596-9270-038358a0d78c
2026-07-25 10:53,2026-07-25 10:53,,,,68,complex reaction,"complex reaction

One which proceeds by a number of elementary steps",2a4c1197-4894-4dac-aeea-7c67959f94ae
2026-07-25 10:53,2026-07-25 10:53,,,,193,cracking,"cracking

the decomposition of a chemical substance by heating, sometimes involving a catalyst; this usually refers to a petroleum fraction being broken down into components of lower molar mass",ba4e5c5c-6630-4668-9c85-0cd93d62fa6f
2026-07-25 10:53,2026-07-25 10:53,,,,306,crystal-field theory,"crystal-field theory

A theory of the electronic structures of inorganic complexes, in which the complex is assumed to consist of a central metal atom or ion surrounded by ligands that are ions.  E.g. [PtCl4]2- is throught of as a Pt2+ ion surrounded by four Cl- ions at the corners of a square. (abridged)",017ffde9-cf5a-4c43-ac8c-56270734f913
2026-07-25 10:53,2026-07-25 10:53,,,,237,dialysis,"dialysis

A process for separating substances in solution through a selectively permeable membrane. This is used for people whose kidneys are not functioning properly, in order to filter waste urea from the blood and adjust salt balance.",4699fc6e-b723-4778-90de-3f3ff39c805f
2026-07-25 10:53,2026-07-25 10:53,,,,166,DNA,"DNA

This is the molecule which contains the genetic code within the nucleus. DNA is passed on from one generation to the next, which is the mechanism of inheritance.",c02cee1e-9391-4b84-a1bc-d48134633cfd
2026-07-25 10:53,2026-07-25 10:53,,,,133,dynamic equilibrium,"dynamic equilibrium

a reversible reaction in which products are being converted into one another and vice-versa at a measurable rate",8b6dec6c-5720-4294-8e01-c788ce3fff20
2026-07-25 10:53,2026-07-25 10:53,,,,168,electrocardiogram (ECG),"electrocardiogram (ECG)

A recording of the electrical activity of the heart on a moving strip of paper. This gives a picture of the heart action over a period of time.",31d8e8b7-13a6-4e9c-9c43-8eefd3f1c8b3
2026-07-25 10:53,2026-07-25 10:53,,,,228,electron affinity,"electron affinity

The energy change for the process of bringing 1 mol of electrons from infinity to 1 mol of gaseous atoms for form 1 mol of gaseous uninegative ions at a stated temperarure and pressureX(g)  +  e-  -->  X-(g)",cd0334cd-1083-4729-8907-7cca16ba7b9a
2026-07-25 10:53,2026-07-25 10:53,,,,97,electronegativity,"electronegativity

The power of an atom in a molecule or in a bond to attract electrons to itself",b266751b-0dea-46f2-8681-53c5b8fbacd5
2026-07-25 10:53,2026-07-25 10:53,,,,158,electrophile,"electrophile

molecule or ion which can form a new covalent bond using a pair of electrons provided by another molecule or ion; attracted to a negative centre",5bcd5f20-959f-42c2-a500-ecf82805f80a
2026-07-25 10:53,2026-07-25 10:53,,,,167,elementary reaction,"elementary reaction

One which proceeds by a single step, for which the order and molecularity must be identical.  Elementary reactions are unlikely to be termolecular",d153c03c-480e-4505-a8e4-227f19aff7c7
2026-07-25 10:53,2026-07-25 10:53,,,,73,empirical formula,"empirical formula

The simplest whole number ratio of atoms in a compound",65978c24-6f9c-4140-9b74-afe9cbb66283
2026-07-25 10:53,2026-07-25 10:53,,,,234,Enthalpy Change of Atomisation,"Enthalpy Change of Atomisation

The energy change at constant pressure for(i) an element, the formation of 1 mol of gaseous atoms;(ii) a compound, the formation of gaseous atoms from 1 mol of the compound;at a stated temperature",983d79eb-cd3b-4e04-88fd-85fdbd8f6e46
2026-07-25 10:53,2026-07-25 10:53,,,,348,enthalpy change of atomisation,"enthalpy change of atomisation

the energy change at constant pressure and a stated temperature for the process of separation a substance into its constituent atoms in the ground state in the gas phase.  Usually fori) an element, the formation of 1 mol of gaseous atoms;ii) a compound, the formation of gaseous atoms from 1 mol of the compound",44b8dc61-3b6a-45a0-a83b-92be86506ea4
2026-07-25 10:53,2026-07-25 10:53,,,,186,Enthalpy Change of Combustion,"Enthalpy Change of Combustion

The energy change at constant pressure for the process of burning completely in oxygen (or sometimes fluorine) 1 mol of a substance at a stated temperature",25534f7b-6422-459f-b196-15750f4c5ab1
2026-07-25 10:53,2026-07-25 10:53,,,,242,enthalpy change of hydration,"enthalpy change of hydration

the energy change at constant pressure and a stated temperature for the process of bringing 1 mol of gaseous ions from infinity to form a solution in a specified volume of water containing 1 mol of hydrated ions.",ee3d4d65-5c76-496a-ba73-21787b735696
2026-07-25 10:53,2026-07-25 10:53,,,,186,enthalpy change of neutralisation,"enthalpy change of neutralisation

the energy change at constant pressure and a stated temperature for the process of reacting 1 mol of hydrated protons with an equivalent amount of base",f79fa99d-da94-470a-a5d9-ca0a6a0b43a9
2026-07-25 10:53,2026-07-25 10:53,,,,211,enthalpy change of reaction,"enthalpy change of reaction

the energy change at constant pressure and a stated temperature for a process in which a specified amount of reactants is converted into products at a stated temperature and pressure",1bc3429b-2250-4c98-87ca-c7f2ebfb6bb4
2026-07-25 10:53,2026-07-25 10:53,,,,170,enthalpy change of solution,"enthalpy change of solution

the energy change at constant pressure and a stated temperature for the process of dissolving 1 mol of a compound in a stated amount of water",a4328a61-027b-4dd2-a825-1c84fa5f40d6
2026-07-25 10:53,2026-07-25 10:53,,,,114,enzyme,"enzyme

A protein which acts as a biological catalyst, speeding up the rate of chemical reactions within the body.",8507c54c-b08b-4e86-8dae-a151d146f777
2026-07-25 10:53,2026-07-25 10:53,,,,125,equilibrium,"equilibrium

a reaction in whcih both reactants and products are present and are being dynamically converted into one another",92d7b6e7-ad33-4420-afb1-a3c7ecec1428
2026-07-25 10:53,2026-07-25 10:53,,,,229,First Ionization Energy,"First Ionization Energy

The energy change for the process of removing to infinity 1 mol of electrons from 1 mol of gaseous atoms to form 1 mol of gaseous unipositive ions at a stated temperature and pressureM(g) --> M+(g) + e-",ece2be1c-0a7b-432f-97ab-658a816e9397
2026-07-25 10:53,2026-07-25 10:53,,,,233,first ionization energy,"first ionization energy

The energy change for the process of removing to infinity 1 mol of electrons from 1 mol of gaseous atoms to form 1 mol of gaseous unipositive ions at a stated temperature and pressure.M(g) -->  M+(g)  +  e-",ecc0ad71-eb33-45df-bb5d-392458e72ebf
2026-07-25 10:53,2026-07-25 10:53,,,,203,First Law of Thermodynamics (a.k.a. Law of Conservation of Energy),"First Law of Thermodynamics (a.k.a. Law of Conservation of Energy)

There are several definitions possible of which one is: energy cannot be created nor destroyed, merely changed from one form to another",5800fb7a-0270-4307-8b2d-c461d889c7a8
2026-07-25 10:53,2026-07-25 10:53,,,,164,fraction,"fraction

a mixture of similar chemical compuonds, the boiling points of which fall within a particular range and which are separated during fractional distillation",eaa5e428-fa90-4902-aed4-e6f2a00e98b0
2026-07-25 10:53,2026-07-25 10:53,,,,131,fractional distillation,"fractional distillation

the separation of a mixture of liquids into components by collecting distillates at different temperatures",6ec50e12-8da2-4577-ad99-6766b35fe982
2026-07-25 10:53,2026-07-25 10:53,,,,127,functional group,"functional group

an atom or a group of atoms attached to a hydrocarbon chain which has its own characteristic set of reactions",e7430bf7-2e71-407b-9b45-2d23786a2f1a
2026-07-25 10:53,2026-07-25 10:53,,,,73,fungi,"fungi

A group of micro-organisms including yeasts, moulds and mushrooms.",6615f019-46b6-448a-bad0-53bad1a2f0bc
2026-07-25 10:53,2026-07-25 10:53,,,,150,gene,"gene

A short piece of DNA which is responsible for the inheritance of a particular characteristic. It codes for the production of a specific protein.",fe649495-634e-4680-adcf-01c43a35b314
2026-07-25 10:53,2026-07-25 10:53,,,,134,gene therapy,"gene therapy

A treatment of a disease caused by the absence or malfuntion of a gene. Gene therapy involves supplying the normal gene.",0f9dfe90-1108-4c42-ad7a-e1b717606f27
2026-07-25 10:53,2026-07-25 10:53,,,,84,genetically engineered virus,"genetically engineered virus

A virus from which all harmful parts have been removed",09e86eab-db75-446e-9f3b-a7c8ead3edc4
2026-07-25 10:53,2026-07-25 10:53,,,,169,geometrical (cis-trans) isomers,"geometrical (cis-trans) isomers

compounds with the same molecular formula but with different arrangements of the atoms in space due to non-rotation within the molecules",a2f620c9-fa91-4105-a7b3-31182abab711
2026-07-25 10:53,2026-07-25 10:53,,,,151,H2 antagonist,"H2 antagonist

A class of anti-ulcer drugs which work through the inhibition of acid production by gastric glands, by inhibition of histamine H2 sites.",ea81d3b4-04f5-4f7b-9237-8f1d2b7f4c92
2026-07-25 10:53,2026-07-25 10:53,,,,264,Hallucinogens,"Hallucinogens

Hallucinogens are drugs that alter how people experience what’s going on around them. They may hear, see and think things which are not really happening. People’s experiences vary, just as dreams can be pleasant or nightmares. LSD is a hallucinogen.",d662c42f-84d2-4ba0-bdbe-6d61bbac75a9
2026-07-25 10:53,2026-07-25 10:53,,,,6,heroin,heroin,78d5844c-a0d9-455f-baa8-a8a996a27b76
2026-07-25 10:53,2026-07-25 10:53,,,,196,Hess' Law,"Hess' Law

The enthalpy change accompanying a chemical change is independent of the route by which the chemical change takes place, all measurements being made at the same temperature and pressure",c0c7c252-698b-4a07-a530-f023f23c87c3
2026-07-25 10:53,2026-07-25 10:53,,,,134,heterolytic fission,"heterolytic fission

the breaking of a covalent bond in which the pair of electrons in the bond remains with one of the atoms involved",e9fa3ae6-1bb6-4199-81d2-3aa4f65c03cf
2026-07-25 10:53,2026-07-25 10:53,,,,233,homogeneous catalyst,"homogeneous catalyst

Is one in which it is in the same phase as the reactants: it is consumed by an early step, and regenerated in a later step of the complex mechanism; the concentration of the catalyst appears in the rate equation",62a3ac4c-057e-40e4-9073-acbe501df89b
2026-07-25 10:53,2026-07-25 10:53,,,,245,homologous series,"homologous series

a family of organic compounds which has a general formula and a characteristic functional group; the members of the series have similar chemical properties and show a gradation of physical properties with increasing molar mass",619132c2-5d1d-4634-a3fb-0c8355440689
2026-07-25 10:53,2026-07-25 10:53,,,,118,homolytic fission,"homolytic fission

the breaking of a covalent bond in which each fragment retains one of the bonding pair of electrons",5f683056-3eff-4c97-981a-38d6d19f8691
2026-07-25 10:53,2026-07-25 10:53,,,,201,hormone,"hormone

Special chemicals that are released by glands in the body. They carry messages to other parts of the body to control the body's activities, including growth, digestion and temperature control.",835edb2e-9d7f-40e3-a417-a251b2910ff5
2026-07-25 10:53,2026-07-25 10:53,,,,124,Hund's rule of maximum multiplicity,"Hund's rule of maximum multiplicity

electrons occupy degenerate orbitals so as to give the maximum number of unpaired spins",f914c637-24c2-460f-b10d-3fc48b353d0b
2026-07-25 10:53,2026-07-25 10:53,,,,191,hydrogen bond,"hydrogen bond

a bond between hydrogen and an electronegative atom (especially O, N, and F) often weaker than a covant bond - typically in the order of 25% of the strength of a covalent bond.",dc5ed26a-15a7-4a28-b88c-95f25d6cf7ca
2026-07-25 10:53,2026-07-25 10:53,,,,90,immune system,"immune system

The body system made up of cells and organs which defend against infection.",aeb264bf-10bb-41c9-813e-7d827bbf727d
2026-07-25 10:53,2026-07-25 10:53,,,,55,Immunity,"Immunity

The ability to resist or fight off a disease.",f160d78e-565c-4b00-9e96-3ced8982febc
2026-07-25 10:53,2026-07-25 10:53,,,,55,immunity,"immunity

The ability to resist or fight off a disease.",effac2a0-7360-4129-9126-b0c393e6ba6a
2026-07-25 10:53,2026-07-25 10:53,,,,238,In vitro,"In vitro

This term is given to processes that happen (within glass) in an artificial environment. In vitro fertilisation involves the fertilisation of eggs outside the body in artificial containers, and later implanting them in the body.",223171c2-59f0-4bbc-a77e-6c2d6cd4d9ef
2026-07-25 10:53,2026-07-25 10:53,,,,238,in vitro,"in vitro

This term is given to processes that happen (within glass) in an artificial environment. In vitro fertilisation involves the fertilisation of eggs outside the body in artificial containers, and later implanting them in the body.",2e84ce03-e121-4435-8306-f3c89fa70828
2026-07-25 10:53,2026-07-25 10:53,,,,71,in vivo,"in vivo

This term refers to a process happening within a living thing.",88d7e1c2-f4c9-4692-ae40-7849ab80d36e
2026-07-25 10:53,2026-07-25 10:53,,,,505,infrared spectroscopy (IR spec.),"infrared spectroscopy (IR spec.)

A technique that measures the frequencies of infrared absorbed by a substance across the IR spectrum (approximately 3x1011 to 3x1014 Hz).  The spectrum of IR absorptions can be used to assist the determination of molecular structure using the molecule's characteristic natural vibrational frequencies.  The frequency is traditionally translated to the reciprocal of the wavelenth when expressed in cm. The resulting quantity known as the 'wavenumber' is measured in cm-1.",0a1b8a8c-1bdb-4c53-9750-ec85ff6a914b
2026-07-25 10:53,2026-07-25 10:53,,,,219,insulin,"insulin

This is a hormone found in vertebrates and invertebrates. It is secreted by cells in response to high blood sugar levels, and causes the conversion of glucose to glycogen. Deficiency of insulin causes diabetes.",13f137d1-938c-4c66-8ca2-7a97fd678245
2026-07-25 10:53,2026-07-25 10:53,,,,142,isomers (general),"isomers (general)

compounds with the same molecular formula but with some different physical and sometimes some different chemical properties",9c010a21-2bc9-4174-ba3d-404580c106f6
2026-07-25 10:53,2026-07-25 10:53,,,,149,isotope,"isotope

one of two or more atoms or elements with the same proton number but different mass numbers: each isotope differs in the number of neutrons.",87f9d590-0a89-4251-8a6c-2b4ebdfa196e
2026-07-25 10:53,2026-07-25 10:53,,,,227,lattice enthalpy,"lattice enthalpy

the energy change at constant pressure and a stated temperature for the process of bringing 1 mol of gaseous component ions from infinity to their positions in the latticeExampleM+(g) +  X-(g)  --->  MX(s)",f254ce0a-2cfa-491c-b389-80d317c50d3c
2026-07-25 10:53,2026-07-25 10:53,,,,536,Le Chatelier's Principle,"Le Chatelier's Principle

Any system in stable chemical equilibrium, when subjected to the influence of an external cause which tends to change either its temperature or condensation (pressure, concentration, number of molecules in unit volume), throughout or in only some of its parts, can undergo only such internal modificatins which, if they occurred on their own, would bring about a change of temperature or of condensation of a sign contrary to that resulting from the external cause.Translated from the French of  Le Chatelier",6f108960-3c17-4ce2-bd77-6cd391664660
2026-07-25 10:53,2026-07-25 10:53,,,,122,life expectancy,"life expectancy

The age to which someone might live. This varies between countries, socio-economic groups, and centuries.",cd2db8be-9e39-49c3-8311-f3d54c00daa1
2026-07-25 10:53,2026-07-25 10:53,,,,240,ligand,"ligand

a group, charged or uncharged, or an ion which bonds by a coordinate bond to a metal cation to form a complex ion: an electron-pair (Lewis base / nucleophile) which bonds by a coordinate bond to a metal cation to form a complex ion.",cdba7f79-8bf2-4aaf-a1c9-52b72e91a0ea
2026-07-25 10:53,2026-07-25 10:53,,,,82,liposome,"liposome

tiny artificial hollow sphere made from fatty compounds like cholesterol",39ec677a-405d-4395-8aec-9d76cc1afdf7
2026-07-25 10:53,2026-07-25 10:53,,,,34,LSD (D-Lysergic acid diethylamide),LSD (D-Lysergic acid diethylamide),6ca7d92e-1afa-4f80-9f91-7515bed8cee5
2026-07-25 10:53,2026-07-25 10:53,,,,184,magnetic resonance imaging (MRI),"magnetic resonance imaging (MRI)

A special technique used to image internal structures of the body, particularly soft tissues. Images are very clear and often more useful than X-rays.",534f4a30-330f-4a91-9052-d3ff18059247
2026-07-25 10:53,2026-07-25 10:53,,,,173,Markownikoff's Rule,"Markownikoff's Rule

The negative part of the addendum adds to the less hydrogenated carbon atom.(Cave questions expecting stability of primary and secondary carbocations!)",3e97a386-cf5f-4bd8-b252-47a41de397b4
2026-07-25 10:53,2026-07-25 10:53,,,,76,microbe,"microbe

A microscopic living thing such as bacteria, fungi and protoctista.",d2b7a7eb-0a86-49d2-984a-becd16db9f20
2026-07-25 10:53,2026-07-25 10:53,,,,182,mole,"mole

The unit of amount of substance. One mole is that amount of substance which contains as many specified elementary particles are there are atoms in 0.012 Kg of the isotope 126C.",8a3820b6-27f5-4d19-a266-dc04e6ef25f9
2026-07-25 10:53,2026-07-25 10:53,,,,112,molecular formula,"molecular formula

is a multiple of the empirical formula giving the number of atoms of each type in a molecule.",21066047-ac33-43f1-8605-c912b84edaee
2026-07-25 10:53,2026-07-25 10:53,,,,77,Molecularity,"Molecularity

The number of particles participating in an elementary reaction",cf1cbd4d-cc2c-4112-8a4f-a2fac46485f5
2026-07-25 10:53,2026-07-25 10:53,,,,230,neuro-transmitter,"neuro-transmitter

A substance which acts as a messenger at synapses between neurones (the nerve cells which bring about actions/responses). Neurotransmitters are released at the ends of neurones, diffusing between adjacent cells.",139647c3-5fa8-40bb-b0b3-d3fa15041086
2026-07-25 10:53,2026-07-25 10:53,,,,223,Neurotransmitter,"Neurotransmitter

A chemical that conveys or inhibits nerve impulses between one nerve and another at a synapse in the brain. Illnesses such as depression or schizophrenia cause disturbance of the levels of these chemicals.",3d046e9a-1472-4886-916f-ce17683ef97d
2026-07-25 10:53,2026-07-25 10:53,,,,92,normal flora,"normal flora

The flora (or plant life) that grow quite normally and harmlessly on the body.",c8ff5c05-f5bd-4027-bf8e-5f6f8b4777b1
2026-07-25 10:53,2026-07-25 10:53,,,,664,nuclear magnetic resonance (NMR),"nuclear magnetic resonance (NMR)

A form of spectrometry using the precise absorption of electro magnetic radiation by a nucleus with nonzero magnetic moment in an external magnetic field.  Such nuclei have 'spin' and consequently behave as small magnets.  For hydrogen there are two possible quantum states 'spin up' and 'spin down', each with a slightly different energy.  A transition of states from spin up to spin down results in a small change of energy state and the emission of a photon in the radio band of the e-m spectrum.  This technique has been extended to the field of medicine where in magnetic resonance imaging (MRI) images of tissues are formed.",e64c8d0b-22d4-4047-8f6b-a9cc6f1d7742
2026-07-25 10:53,2026-07-25 10:53,,,,138,nucleophile,"nucleophile

molecule or ion with an unbonded pair of electrons with which it can form a new covalent bond; attracted to a positive centre",bf0deef6-45c7-4c6e-b2b5-d10aa7d27416
2026-07-25 10:53,2026-07-25 10:53,,,,5,opium,opium,7541bfec-9aab-41b5-a28e-44546f76fb2b
2026-07-25 10:53,2026-07-25 10:53,,,,135,optical isomers,"optical isomers

compounds with the same molecular formula but with different arrangements of the atoms in space due to a chiral centre",128cd42b-4e6e-459a-93ac-c6ae351ede13
2026-07-25 10:53,2026-07-25 10:53,,,,103,Order,"Order

The power to which to the concentration of a species in the experimental rate equation is raised",c95546f9-e122-4275-972f-2dac7fe81c64
2026-07-25 10:53,2026-07-25 10:53,,,,213,organ transplant,"organ transplant

An operation in which a person's damaged or diseased organ is replaced with a healthy organ from another person (donor). Kidneys, hearts, lungs and livers have all been successfully transplanted.",1087103b-dfcc-4773-8bc0-8b0685f53e12
2026-07-25 10:53,2026-07-25 10:53,,,,107,Overall Order,"Overall Order

The sum of the power to which each concentration is raised in the experimental rate equation",5c9bfa15-9d79-437c-9cef-40042639e8f3
2026-07-25 10:53,2026-07-25 10:53,,,,383,"Oxidation states, rules for assigning","Oxidation states, rules for assigning

1. Uncombined elements have an oxidation state of zeroIn compounds:-2. Fluorine has an oxidation state of -13. Oxygen has an oxidation state of -2 except in peroxides4. Hydrogen is +1 usually (but in ionic hydrides it is -1)5. The sum of the oxidation states in a compound is zero6. No oxidation state may be more than the group number.",ab021ded-a9af-4ce7-9c98-594ca752ea76
2026-07-25 10:53,2026-07-25 10:53,,,,151,Painkillers,"Painkillers

Painkillers take away pain, as the name suggests. They stop people reacting to physical pain or emotional worries. Heroin is a painkiller.",f4c07948-4aa4-43a3-939a-4e6fb3e03867
2026-07-25 10:53,2026-07-25 10:53,,,,39,pathogen,"pathogen

A disease producing organism.",2f53ae29-2f61-4330-b646-c9bef7d5a517
2026-07-25 10:53,2026-07-25 10:53,,,,137,Pauli exclusion principle,"Pauli exclusion principle

no two electrons may have the same set of four quantum numbersNo orbital can contain more than two electrons",c1033654-427c-4147-99c2-033199f0afb0
2026-07-25 10:53,2026-07-25 10:53,,,,248,penicillin,"penicillin

A well-known and commonly used antibiotic which has also been modified to produce other antibiotics. It is derived from the mould Penicillium notatum. It stops the growth of cell walls in bacteria, preventing the increase in population.",94b36233-a348-4377-93fb-6a12affe4d14
2026-07-25 10:53,2026-07-25 10:53,,,,120,Periodic Law,"Periodic Law

The physical and chemical properties of the elements are in periodic dependence upon their atomic numbers.",b0dd1f5c-f42b-4d18-890b-5abb9b0a4ffe
2026-07-25 10:53,2026-07-25 10:53,,,,326,peristalsis,"peristalsis

The wave like movement caused by two sets of antagonistic muscles in tube like structures. In the gut, circular and longitudinal muscles bring about peristalsis by alternately contracting and relaxing in turn producing a wave action along the gut. This is similar to muscular action in animals such as Earthworms.",67e4e084-87b9-4a88-97c1-8840072ff7b5
2026-07-25 10:53,2026-07-25 10:53,,,,153,pH,"pH

(source: literally 'potential of Hydrogen')pH = - log10[H3O+]/moldm-3(you need to supply units, because you can only take a logarithm of a number)",55b0e6a7-827c-4aab-91c3-a666837192e5
2026-07-25 10:53,2026-07-25 10:53,,,,138,pi bond,"pi bond

a molecular orbital consisting of regions of electron density above and below the line of centres between a pair of bonded atoms.",e1554613-d039-4a99-bf89-52b7c64f14d9
2026-07-25 10:53,2026-07-25 10:53,,,,131,proteins,"proteins

A family of long chain molecule based on carbon (and containing nitrogen and sulphur) that are part of all living things.",41adca8c-df14-4ffa-9297-cbb07d2aea8e
2026-07-25 10:53,2026-07-25 10:53,,,,173,proton,"proton

A sub-atomic elementary particle, with unit positive charge and unit mass, expressed in relative atomic mass units (The actual mass is approximately 1.66 x 10-24 g).",24f09d7e-a040-4627-9da6-cab3d01fa29f
2026-07-25 10:53,2026-07-25 10:53,,,,119,Protozoa,"Protozoa

A diverse group of single-celled microscopic living things. This group is now classed within the Protoctista.",532c53b2-8793-4dcc-8bee-69f8598ab0b8
2026-07-25 10:53,2026-07-25 10:53,,,,62,radical,"radical

an excited atom or molecule with an unpaired electron",81273e36-76a8-435c-854f-ef862f92d734
2026-07-25 10:53,2026-07-25 10:53,,,,108,radiotherapy,"radiotherapy

The treatment of disease by ionising radiation, most commonly used in the treatment of cancer.",4c31563d-0f8f-4db6-ab9a-856171868302
2026-07-25 10:53,2026-07-25 10:53,,,,169,rate constant,"rate constant

The constant of proportionality in the experimental rate equation relating the rate to the concentration of the species raised to their appropriate orders",522dd986-1bdc-4084-b0d9-a0d2c9955313
2026-07-25 10:53,2026-07-25 10:53,,,,168,reforming,"reforming

the rearrangement of the carbon chains of compounds, using elevated temperarures and pressures, and catalysts, to give molecules containing branches or rings",5c1c874d-904a-44a2-a3c0-83ade1aee7df
2026-07-25 10:53,2026-07-25 10:53,,,,120,relative atomic mass,"relative atomic mass

The ratio of the average mass per atom of an element relative to 1/12 the mass of an atom of 126C.",2b705db4-2bd8-44ef-8bf4-2eddf79f8e50
2026-07-25 10:53,2026-07-25 10:53,,,,146,relative molecular mass,"relative molecular mass

The sum of the relative atomic masses of the elements in a compound (or defined similarly to RAM: both are now obsolete).",ed84e16c-fd88-4104-a09c-a39195ba7b7f
2026-07-25 10:53,2026-07-25 10:53,,,,191,reversible reaction,"reversible reaction

a reaction which can be made to proceed either forwards or backwards under suitable conditions; a reaction in which both products and reactants are present at equilibrium",a6c11de7-ecfb-4e36-afd3-3d11c76bb8ff
2026-07-25 10:53,2026-07-25 10:53,,,,116,ribose nucleic acid (RNA),"ribose nucleic acid (RNA)

The chemical that translates the genetic code of DNA into proteins that make up the body.",42ee6397-ce84-4596-99ca-8851e83c4eda
2026-07-25 10:53,2026-07-25 10:53,,,,79,saturated hydrocarbon,"saturated hydrocarbon

a hydrocarbon containing no carbon-carbon multiple bonds",5ab2ac4d-d19e-43ca-8db9-837d467a56e1
2026-07-25 10:53,2026-07-25 10:53,,,,167,saturated solution,"saturated solution

a solution in which no more solute can dissolve without causing precipitation;  a solution in whcih the ionic product equals the solubility product",270d1e6a-1908-4915-8558-eeea1c5614c2
2026-07-25 10:53,2026-07-25 10:53,,,,354,Sedatives,"Sedatives

Sedatives are drugs that slow down the nervous system. Alcohol is a sedative. Sedatives make people feel less anxious and more relaxed. But they also slow down physical reactions, and cause sleepiness or unconsciousness. A mixture of sedatives is dangerous because vital processes like the heartbeat get slower too. Sedatives may be addictive.",43703185-00db-4cc0-8d5c-1a0e083d9a3b
2026-07-25 10:53,2026-07-25 10:53,,,,140,sigma bond,"sigma bond

a molecular orbital of low energy whose region of electron density lies along the line of centres between a pair of bonded atoms",083dbb8b-9afd-4427-8341-f12ee8684192
2026-07-25 10:53,2026-07-25 10:53,,,,327,spectrometry,"spectrometry

Techniques that measure the frequencies absorbed by a substance across a band of the e/m spectrum.  A spectrum of absorptions can be used to assist the determination of molecular structure. Different techniques use different areas of the electromagnetic spectrum (e.g. visible, UV, IR).  Also termed spectroscopy.",01e01435-827b-4a8d-8586-ae2aad9be967
2026-07-25 10:53,2026-07-25 10:53,,,,105,spores,"spores

Tiny reproductive cell produced by plants that don't have proper flowers or produce normal seeds.",b331c14b-c0f4-484b-ba65-1674095a2f60
2026-07-25 10:53,2026-07-25 10:53,,,,185,standard cell potential,"standard cell potential

is the difference between the standard electrode potentials of the right-hand and left-hand electrodes in a specified cell at a stated  temperature; = VR  -  VL",034183a1-79fb-46ba-b7e4-d2b03bb3b28f
2026-07-25 10:53,2026-07-25 10:53,,,,341,Standard Conditions,"Standard Conditions

Standard pressure is 101325 Pa.  There has been no internationally agreed standard of temperature, so this must always be stated.  Commonly it is 273.15 K or 298 K.  Definitions involving standard must include reference to the standard of pressure.  Other enthalpy change definitions follow the pattern of the two above.",ddd98456-bdf3-40af-ae56-241198b0adbf
2026-07-25 10:53,2026-07-25 10:53,,,,278,standard electrode potential,"standard electrode potential

is the value of the standard emf of a cell in which molecular hydrogen is oxidised to solvated protons at the left hand electrode at a stated temperature [Note: standard conditions as above, with concentration of solvated protons being 1 moldm-3]",09ed3a82-389e-45bd-8f46-f17812b9ec82
2026-07-25 10:53,2026-07-25 10:53,,,,227,Standard Enthalpy Change of Formation,"Standard Enthalpy Change of Formation

The energy change at constant pressure for the formation of 1 mol of a compound from its constituent elements in their standard states (stable forms at 101 325 Pa and a stated temperature)",dc6d212d-4a93-47b1-b292-1abfd7963f92
2026-07-25 10:53,2026-07-25 10:53,,,,82,stereochemical formula,"stereochemical formula

shows the distribution in space of the atoms of a molecule",41497ebe-05c2-4710-b40f-4b6c94c1f5cc
2026-07-25 10:53,2026-07-25 10:53,,,,112,stereoisomers,"stereoisomers

compounds with the same structural formula but with a different arrangement of the atoms in space",7092be59-c28f-412f-b811-8008d90def7e
2026-07-25 10:53,2026-07-25 10:53,,,,253,Stimulants,"Stimulants

Stimulants are drugs that speed up the body’s reactions, making people feel more alert and less tired. Caffeine is a stimulant. But taken in high doses stimulants cause nervous anxiety and paranoia (being convinced the world is against you).",9161fa4c-dca9-4d21-9c68-34a7b66d7096
2026-07-25 10:53,2026-07-25 10:53,,,,147,structural formula,"structural formula

shows the sequence in which the atoms in a molecule are linked; it may be written as a linear formula or as a displayed formula",8dc9d2c4-a97c-40c0-9ed8-418936564bcc
2026-07-25 10:53,2026-07-25 10:53,,,,100,structural isomers,"structural isomers

compounds with the same molecular formula but with different structural formulae",784c04a1-ce0a-42d4-a754-db4da0a8faff
2026-07-25 10:53,2026-07-25 10:53,,,,85,substitution,"substitution

a reaction in which one atom or group of atoms is exchanged for another",46871d4c-1c7a-4f24-a94a-99eb67305208
2026-07-25 10:53,2026-07-25 10:53,,,,117,substitution reaction,"substitution reaction

a reaction in which one atom or group of atoms is exchanged for another atom or group of atoms",22993333-8ba9-40fa-87e3-42bce6771521
2026-07-25 10:53,2026-07-25 10:53,,,,135,surgery,"surgery

Any treatment that involves some sort of physical intervention - either rejoining broken bones or cutting out diseased tissue.",8527645b-5db3-46e1-97fe-704332fb61bf
2026-07-25 10:53,2026-07-25 10:53,,,,66,synapse,"synapse

A connection between excitable cells such as nerve cells.",d7bb0b5a-efef-48e2-b38b-26ad2b5e7b83
2026-07-25 10:53,2026-07-25 10:53,,,,111,transition element,"transition element

a d-block element forming one or more stable ions which have incompletely filled d-orbitals",ac8a0818-c65e-438d-a5b2-00ab6d61038e
2026-07-25 10:53,2026-07-25 10:53,,,,118,trepanning,"trepanning

An ancient example of surgery where a hole was drilled into the skull, supposedly to let out evil spirits.",2f39dc2e-17bb-467e-9304-ad55538c7ae6
2026-07-25 10:53,2026-07-25 10:53,,,,161,ultrasound,"ultrasound

An imaging technique which uses high frequency sound waves. This is believed to be non-damaging and is used to view the developing fetus in the womb.",7d85d8ed-b60f-4562-91d2-f95b2b9cb13b
2026-07-25 10:53,2026-07-25 10:53,,,,348,ultraviolet-visible spectroscopy,"ultraviolet-visible spectroscopy

A technique that measures the frequencies of UV and visible light absorbed by a substance across the UV-vis spectrum (approximately 3x1014 to 3x1016 Hz).  The spectrum of absorptions can be used to assist the determination of molecular structure using the molecule's characteristic natural vibrational frequencies.",49b80d7f-1d12-4337-9fa3-813d0fc20688
2026-07-25 10:53,2026-07-25 10:53,,,,90,unsaturated hyrdocarbon,"unsaturated hyrdocarbon

a hydrocarbon containing one or more carbon-carbon multiple bonds",db2ba2f4-4556-4e47-a341-544c9f21bf46
2026-07-25 10:53,2026-07-25 10:53,,,,179,vaccine,"vaccine

A preparation of micro-organisms which are dead or made harmless, which is given to an animal to bring about the immune response and give protection from future infection",bd9bf666-fb5b-43db-9316-a69a30ff17cc
2026-07-25 10:53,2026-07-25 10:53,,,,267,virus,"virus

A tiny microbe, measuring only 0.00002 to 0.00003 mm, that can cause infections, eg flu, warts, measles. A virus is not a complete cell but consists only of a protein coat surrounding genetic material. Viruses multiply inside other cells, usually killing them.",413d1629-fb20-443a-8d9d-71aa75c94075
2026-07-25 10:53,2026-07-25 10:53,,,,297,X-ray,"X-ray

X-rays are part of the electromagnetic spectrum with a much shorter wavelength than light. They travel through the body's tissues. However, they are absorbed differently by different tissues and bones. So they leave a shadow on photographic film that shows internal growths or broken bones.",e49490ec-9235-4f27-9702-652b0a7e7bee
